Date,Pages concernées
2026-03-07,18
2026-03-08,18
2026-03-09,18
2026-03-10,18
2026-03-11,18
2026-03-12,18
2026-03-13,18
2026-03-14,18
2026-03-15,18
2026-03-16,18
2026-03-17,18
2026-03-18,18
2026-03-19,18
2026-03-20,18
2026-03-21,18
2026-03-22,18
2026-03-23,18
2026-03-24,18
2026-03-25,18
2026-03-26,18
2026-03-27,18
2026-03-28,18
2026-03-29,18
2026-03-30,18
2026-03-31,18
2026-04-01,18
2026-04-02,18
2026-04-03,18
2026-04-04,18
2026-04-05,18
2026-04-06,18
2026-04-07,18
2026-04-08,18
2026-04-09,18
2026-04-10,18
2026-04-11,18
2026-04-12,18
2026-04-13,18
2026-04-14,19
2026-04-15,19
2026-04-16,19
2026-04-17,19
2026-04-18,20
2026-04-19,20
2026-04-20,20
2026-04-21,23
2026-04-22,23
2026-04-23,23
2026-04-24,23
2026-04-25,23
2026-04-26,23
2026-04-27,23
2026-04-28,23
2026-04-29,23
2026-04-30,23
2026-05-01,23
2026-05-02,23
2026-05-03,23
2026-05-04,23
2026-05-05,23
2026-05-06,23
2026-05-07,23
2026-05-08,23
2026-05-09,23
2026-05-10,23
2026-05-11,23
2026-05-12,23
2026-05-13,23
2026-05-14,23
2026-05-15,23
2026-05-16,23
2026-05-17,23
2026-05-18,23
2026-05-19,23
2026-05-20,23
2026-05-21,23
2026-05-22,23
2026-05-23,23
2026-05-24,23
2026-05-25,23
2026-05-26,23
2026-05-27,23
2026-05-28,23
2026-05-29,23